img_type,city,Acc_type,val,year
mix_no_years,su_zhou_shi,FoM,0.05617745927012782,2017_2019
mix_no_years,su_zhou_shi,Change_ratio,0.04763901077394161,2017_2019
mix_no_years,su_zhou_shi,Overal_Acc,0.9782331543191305,2017_2019
mix_no_years,zi_bo_shi,FoM,0.11189049492847403,2017_2019
mix_no_years,zi_bo_shi,Change_ratio,0.1205544333604409,2017_2019
mix_no_years,zi_bo_shi,Overal_Acc,0.9638339999942753,2017_2019
mix_no_years,huai_bei_shi,FoM,0.09045940041320885,2017_2019
mix_no_years,huai_bei_shi,Change_ratio,0.11252986907814622,2017_2019
mix_no_years,huai_bei_shi,Overal_Acc,0.9649795845490636,2017_2019
mix_no_years,huai_nan_shi,FoM,0.08625434406847107,2017_2019
mix_no_years,huai_nan_shi,Change_ratio,0.08889169017303795,2017_2019
mix_no_years,huai_nan_shi,Overal_Acc,0.9687598523031811,2017_2019
mix_no_years,huai_an_shi,FoM,0.11732249321302925,2017_2019
mix_no_years,huai_an_shi,Change_ratio,0.1882443908154606,2017_2019
mix_no_years,huai_an_shi,Overal_Acc,0.9628465873314338,2017_2019
mix_no_years,chu_zhou_shi,FoM,0.07977025518721961,2017_2019
mix_no_years,chu_zhou_shi,Change_ratio,0.18475944101808034,2017_2019
mix_no_years,chu_zhou_shi,Overal_Acc,0.9623624132626888,2017_2019
mix_no_years,bin_zhou_shi,FoM,0.07242673621054217,2017_2019
mix_no_years,bin_zhou_shi,Change_ratio,0.11019656901336307,2017_2019
mix_no_years,bin_zhou_shi,Overal_Acc,0.9714488266034291,2017_2019
mix_no_years,ta_he_shi,FoM,0.07927701340494027,2017_2019
mix_no_years,ta_he_shi,Change_ratio,0.07981499322237888,2017_2019
mix_no_years,ta_he_shi,Overal_Acc,0.9759343147907977,2017_2019
mix_no_years,wei_fang_shi,FoM,0.1328772575689631,2017_2019
mix_no_years,wei_fang_shi,Change_ratio,0.19866084125822567,2017_2019
mix_no_years,wei_fang_shi,Overal_Acc,0.9500100844527258,2017_2019
mix_no_years,pu_yang_shi,FoM,0.07627267824242896,2017_2019
mix_no_years,pu_yang_shi,Change_ratio,0.11890775692027715,2017_2019
mix_no_years,pu_yang_shi,Overal_Acc,0.9599526003545085,2017_2019
mix_no_years,yan_tai_shi,FoM,0.1426124723014939,2017_2019
mix_no_years,yan_tai_shi,Change_ratio,0.15939429948020734,2017_2019
mix_no_years,yan_tai_shi,Overal_Acc,0.9743651141430901,2017_2019
mix_no_years,jiao_zuo_shi,FoM,0.054176030301289126,2017_2019
mix_no_years,jiao_zuo_shi,Change_ratio,0.06361783965679824,2017_2019
mix_no_years,jiao_zuo_shi,Overal_Acc,0.979378830867575,2017_2019
mix_no_years,yan_cheng_shi,FoM,0.1330819676421576,2017_2019
mix_no_years,yan_cheng_shi,Change_ratio,0.25012891460382874,2017_2019
mix_no_years,yan_cheng_shi,Overal_Acc,0.9529574176511062,2017_2019
mix_no_years,shi_jia_zhuang_shi,FoM,0.07718817490106487,2017_2019
mix_no_years,shi_jia_zhuang_shi,Change_ratio,0.09347078009577721,2017_2019
mix_no_years,shi_jia_zhuang_shi,Overal_Acc,0.9785682263333384,2017_2019
mix_no_years,qin_huang_dao_shi,FoM,0.1823225893489792,2017_2019
mix_no_years,qin_huang_dao_shi,Change_ratio,0.21514794407392954,2017_2019
mix_no_years,qin_huang_dao_shi,Overal_Acc,0.9768151194831738,2017_2019
mix_no_years,liao_cheng_shi,FoM,0.06124147695065462,2017_2019
mix_no_years,liao_cheng_shi,Change_ratio,0.09297539397311988,2017_2019
mix_no_years,liao_cheng_shi,Overal_Acc,0.9682981337216154,2017_2019
mix_no_years,wu_hu_shi,FoM,0.07674643869026117,2017_2019
mix_no_years,wu_hu_shi,Change_ratio,0.10586777164937705,2017_2019
mix_no_years,wu_hu_shi,Overal_Acc,0.9725430367493673,2017_2019
mix_no_years,he_ze_shi,FoM,0.08962505920063982,2017_2019
mix_no_years,he_ze_shi,Change_ratio,0.12629690809136127,2017_2019
mix_no_years,he_ze_shi,Overal_Acc,0.9551855890755843,2017_2019
mix_no_years,lai_wu_shi,FoM,0.06883046019252674,2017_2019
mix_no_years,lai_wu_shi,Change_ratio,0.07677268669938175,2017_2019
mix_no_years,lai_wu_shi,Overal_Acc,0.980552980643834,2017_2019
mix_no_years,bang_bu_shi,FoM,0.07756614563511376,2017_2019
mix_no_years,bang_bu_shi,Change_ratio,0.12468433450172946,2017_2019
mix_no_years,bang_bu_shi,Overal_Acc,0.967620562431939,2017_2019
mix_no_years,heng_shui_shi,FoM,0.043714481063489415,2017_2019
mix_no_years,heng_shui_shi,Change_ratio,0.06262466375239158,2017_2019
mix_no_years,heng_shui_shi,Overal_Acc,0.9866197423464137,2017_2019
mix_no_years,xu_chang_shi,FoM,0.08859697914366416,2017_2019
mix_no_years,xu_chang_shi,Change_ratio,0.10682621025684909,2017_2019
mix_no_years,xu_chang_shi,Overal_Acc,0.9639766984074466,2017_2019
mix_no_years,lian_yun_gang_shi,FoM,0.09168980542111199,2017_2019
mix_no_years,lian_yun_gang_shi,Change_ratio,0.10304443332651002,2017_2019
mix_no_years,lian_yun_gang_shi,Overal_Acc,0.9733013883714445,2017_2019
mix_no_years,xing_tai_shi,FoM,0.09912159649535777,2017_2019
mix_no_years,xing_tai_shi,Change_ratio,0.112674245823957,2017_2019
mix_no_years,xing_tai_shi,Overal_Acc,0.9747507491505701,2017_2019
mix_no_years,han_dan_shi,FoM,0.10313479615762447,2017_2019
mix_no_years,han_dan_shi,Change_ratio,0.11917031991879085,2017_2019
mix_no_years,han_dan_shi,Overal_Acc,0.9705532372617935,2017_2019
mix_no_years,zheng_zhou_shi,FoM,0.1247896780833476,2017_2019
mix_no_years,zheng_zhou_shi,Change_ratio,0.12604022004897436,2017_2019
mix_no_years,zheng_zhou_shi,Overal_Acc,0.9380759614943615,2017_2019
mix_no_years,tong_ling_shi,FoM,0.07688799378950074,2017_2019
mix_no_years,tong_ling_shi,Change_ratio,0.07944668703072892,2017_2019
mix_no_years,tong_ling_shi,Overal_Acc,0.9764805411497698,2017_2019
mix_no_years,zhen_jiang_shi,FoM,0.06142595941876135,2017_2019
mix_no_years,zhen_jiang_shi,Change_ratio,0.08189917988170825,2017_2019
mix_no_years,zhen_jiang_shi,Overal_Acc,0.9646249350966599,2017_2019
mix_no_years,fu_yang_shi,FoM,0.14378540372969933,2017_2019
mix_no_years,fu_yang_shi,Change_ratio,0.23646049577060058,2017_2019
mix_no_years,fu_yang_shi,Overal_Acc,0.9161135567269717,2017_2019
mix_no_years,qing_dao_shi,FoM,0.14140366168392093,2017_2019
mix_no_years,qing_dao_shi,Change_ratio,0.16176649847550814,2017_2019
mix_no_years,qing_dao_shi,Overal_Acc,0.9557868432880094,2017_2019
mix_no_years,ma_an_shan_shi,FoM,0.0879741509664696,2017_2019
mix_no_years,ma_an_shan_shi,Change_ratio,0.12662934261103986,2017_2019
mix_no_years,ma_an_shan_shi,Overal_Acc,0.9641086545198588,2017_2019
mix_no_years,zhu_ma_dian_shi,FoM,0.1092995214064014,2017_2019
mix_no_years,zhu_ma_dian_shi,Change_ratio,0.22264751712947242,2017_2019
mix_no_years,zhu_ma_dian_shi,Overal_Acc,0.9498967549239421,2017_2019
mix_no_years,he_bi_shi,FoM,0.05461598509894724,2017_2019
mix_no_years,he_bi_shi,Change_ratio,0.0678669979150405,2017_2019
mix_no_years,he_bi_shi,Overal_Acc,0.9830990606345337,2017_2019
mix_no_years,huang_shan_shi,FoM,0.09666410891654995,2017_2019
mix_no_years,huang_shan_shi,Change_ratio,0.15417335188166503,2017_2019
mix_no_years,huang_shan_shi,Overal_Acc,0.9898090130945557,2017_2019
mix_no_years,san_men_xia_shi,FoM,0.11929634844458012,2017_2019
mix_no_years,san_men_xia_shi,Change_ratio,0.19280875889272234,2017_2019
mix_no_years,san_men_xia_shi,Overal_Acc,0.990765627405762,2017_2019
mix_no_years,dong_ying_shi,FoM,0.13678258164601836,2017_2019
mix_no_years,dong_ying_shi,Change_ratio,0.2371132526664832,2017_2019
mix_no_years,dong_ying_shi,Overal_Acc,0.939054043334134,2017_2019
mix_no_years,lin_yi_shi,FoM,0.13634135012930285,2017_2019
mix_no_years,lin_yi_shi,Change_ratio,0.13900367434459798,2017_2019
mix_no_years,lin_yi_shi,Overal_Acc,0.9640539820776024,2017_2019
mix_no_years,bo_zhou_shi,FoM,0.10872767196174776,2017_2019
mix_no_years,bo_zhou_shi,Change_ratio,0.20269428347206853,2017_2019
mix_no_years,bo_zhou_shi,Overal_Acc,0.9487553580885734,2017_2019
mix_no_years,bao_ding_shi,FoM,0.10355840506953257,2017_2019
mix_no_years,bao_ding_shi,Change_ratio,0.12644684960674352,2017_2019
mix_no_years,bao_ding_shi,Overal_Acc,0.9779892094061691,2017_2019
mix_no_years,xin_yang_shi,FoM,0.08007853833815837,2017_2019
mix_no_years,xin_yang_shi,Change_ratio,0.1508741566754389,2017_2019
mix_no_years,xin_yang_shi,Overal_Acc,0.9743062663186465,2017_2019
mix_no_years,liu_an_shi,FoM,0.09968063218848469,2017_2019
mix_no_years,liu_an_shi,Change_ratio,0.1797584093592858,2017_2019
mix_no_years,liu_an_shi,Overal_Acc,0.9727760001021507,2017_2019
mix_no_years,bei_jing_shi,FoM,0.08283594992159742,2017_2019
mix_no_years,bei_jing_shi,Change_ratio,0.10392766886540071,2017_2019
mix_no_years,bei_jing_shi,Overal_Acc,0.9784388991416328,2017_2019
mix_no_years,nan_jing_shi,FoM,0.08887071747327711,2017_2019
mix_no_years,nan_jing_shi,Change_ratio,0.11131075029989959,2017_2019
mix_no_years,nan_jing_shi,Overal_Acc,0.9499640969552073,2017_2019
mix_no_years,nan_tong_shi,FoM,0.0827724676067109,2017_2019
mix_no_years,nan_tong_shi,Change_ratio,0.1420939845987103,2017_2019
mix_no_years,nan_tong_shi,Overal_Acc,0.9425529636536479,2017_2019
mix_no_years,nan_yang_shi,FoM,0.0689915489760055,2017_2019
mix_no_years,nan_yang_shi,Change_ratio,0.19974325302431237,2017_2019
mix_no_years,nan_yang_shi,Overal_Acc,0.9639112299823641,2017_2019
mix_no_years,he_fei_shi,FoM,0.1322806573042686,2017_2019
mix_no_years,he_fei_shi,Change_ratio,0.2185490686439131,2017_2019
mix_no_years,he_fei_shi,Overal_Acc,0.9250648301674271,2017_2019
mix_no_years,zhou_kou_shi,FoM,0.06715461936237432,2017_2019
mix_no_years,zhou_kou_shi,Change_ratio,0.094844749000245,2017_2019
mix_no_years,zhou_kou_shi,Overal_Acc,0.972283058435488,2017_2019
mix_no_years,tang_shan_shi,FoM,0.1307530816477401,2017_2019
mix_no_years,tang_shan_shi,Change_ratio,0.14316946771418668,2017_2019
mix_no_years,tang_shan_shi,Overal_Acc,0.9698898254316038,2017_2019
mix_no_years,shang_qiu_shi,FoM,0.08432606933564614,2017_2019
mix_no_years,shang_qiu_shi,Change_ratio,0.1310154517215989,2017_2019
mix_no_years,shang_qiu_shi,Overal_Acc,0.9572401192482124,2017_2019
mix_no_years,tian_jin_shi,FoM,0.09388585211363955,2017_2019
mix_no_years,tian_jin_shi,Change_ratio,0.112528310172732,2017_2019
mix_no_years,tian_jin_shi,Overal_Acc,0.9639815649065987,2017_2019
mix_no_years,wei_hai_shi,FoM,0.14059241501600728,2017_2019
mix_no_years,wei_hai_shi,Change_ratio,0.17438720938637411,2017_2019
mix_no_years,wei_hai_shi,Overal_Acc,0.9698115197219612,2017_2019
mix_no_years,an_qing_shi,FoM,0.10477614000100632,2017_2019
mix_no_years,an_qing_shi,Change_ratio,0.2091608356759995,2017_2019
mix_no_years,an_qing_shi,Overal_Acc,0.9707729789537637,2017_2019
mix_no_years,an_yang_shi,FoM,0.07874346405306379,2017_2019
mix_no_years,an_yang_shi,Change_ratio,0.08543878722182727,2017_2019
mix_no_years,an_yang_shi,Overal_Acc,0.9797030375063298,2017_2019
mix_no_years,xuan_cheng_shi,FoM,0.06227423857025268,2017_2019
mix_no_years,xuan_cheng_shi,Change_ratio,0.13334039861503225,2017_2019
mix_no_years,xuan_cheng_shi,Overal_Acc,0.9863352748420652,2017_2019
mix_no_years,su_qian_shi,FoM,0.09617355321190199,2017_2019
mix_no_years,su_qian_shi,Change_ratio,0.13920292308776566,2017_2019
mix_no_years,su_qian_shi,Overal_Acc,0.965381295965094,2017_2019
mix_no_years,chang_zhou_shi,FoM,0.060216678492041376,2017_2019
mix_no_years,chang_zhou_shi,Change_ratio,0.07559103554414646,2017_2019
mix_no_years,chang_zhou_shi,Overal_Acc,0.9644504026828432,2017_2019
mix_no_years,ping_ding_shan_shi,FoM,0.07246444974285088,2017_2019
mix_no_years,ping_ding_shan_shi,Change_ratio,0.08231944559374574,2017_2019
mix_no_years,ping_ding_shan_shi,Overal_Acc,0.9804396234842004,2017_2019
mix_no_years,lang_fang_shi,FoM,0.10518992522306986,2017_2019
mix_no_years,lang_fang_shi,Change_ratio,0.1165430589291062,2017_2019
mix_no_years,lang_fang_shi,Overal_Acc,0.9656369698791214,2017_2019
mix_no_years,kai_feng_shi,FoM,0.1732566303880844,2017_2019
mix_no_years,kai_feng_shi,Change_ratio,0.25165745811451246,2017_2019
mix_no_years,kai_feng_shi,Overal_Acc,0.9049704501267033,2017_2019
mix_no_years,zhang_jia_kou_shi,FoM,0.10453382199307792,2017_2019
mix_no_years,zhang_jia_kou_shi,Change_ratio,0.27434314284562894,2017_2019
mix_no_years,zhang_jia_kou_shi,Overal_Acc,0.9820874598443831,2017_2019
mix_no_years,xu_zhou_shi,FoM,0.12213863800972077,2017_2019
mix_no_years,xu_zhou_shi,Change_ratio,0.12309543018304807,2017_2019
mix_no_years,xu_zhou_shi,Overal_Acc,0.953727691406334,2017_2019
mix_no_years,de_zhou_shi,FoM,0.04684613416898928,2017_2019
mix_no_years,de_zhou_shi,Change_ratio,0.06811594536493648,2017_2019
mix_no_years,de_zhou_shi,Overal_Acc,0.9829585719630283,2017_2019
mix_no_years,yang_zhou_shi,FoM,0.08989632233029148,2017_2019
mix_no_years,yang_zhou_shi,Change_ratio,0.13369104166922896,2017_2019
mix_no_years,yang_zhou_shi,Overal_Acc,0.9617300525984304,2017_2019
mix_no_years,cheng_de_shi,FoM,0.1306162005019155,2017_2019
mix_no_years,cheng_de_shi,Change_ratio,0.36488530051896995,2017_2019
mix_no_years,cheng_de_shi,Overal_Acc,0.9934749617348738,2017_2019
mix_no_years,xin_xiang_shi,FoM,0.1051034507021903,2017_2019
mix_no_years,xin_xiang_shi,Change_ratio,0.109069761374009,2017_2019
mix_no_years,xin_xiang_shi,Overal_Acc,0.96863368424339,2017_2019
mix_no_years,wu_xi_shi,FoM,0.058313538077484,2017_2019
mix_no_years,wu_xi_shi,Change_ratio,0.05087218617124548,2017_2019
mix_no_years,wu_xi_shi,Overal_Acc,0.9737773779623511,2017_2019
mix_no_years,ri_zhao_shi,FoM,0.17748884895606645,2017_2019
mix_no_years,ri_zhao_shi,Change_ratio,0.20211410575867567,2017_2019
mix_no_years,ri_zhao_shi,Overal_Acc,0.9561820915136169,2017_2019
mix_no_years,zao_zhuang_shi,FoM,0.08901345828526785,2017_2019
mix_no_years,zao_zhuang_shi,Change_ratio,0.09457934401806085,2017_2019
mix_no_years,zao_zhuang_shi,Overal_Acc,0.9662385511618198,2017_2019
mix_no_years,chi_zhou_shi,FoM,0.09506002249195644,2017_2019
mix_no_years,chi_zhou_shi,Change_ratio,0.18118996599753234,2017_2019
mix_no_years,chi_zhou_shi,Overal_Acc,0.9838539921957424,2017_2019
mix_no_years,cang_zhou_shi,FoM,0.06696238653790411,2017_2019
mix_no_years,cang_zhou_shi,Change_ratio,0.08671993794235387,2017_2019
mix_no_years,cang_zhou_shi,Overal_Acc,0.978507453452969,2017_2019
mix_no_years,tai_an_shi,FoM,0.07389633835969094,2017_2019
mix_no_years,tai_an_shi,Change_ratio,0.10357961086196434,2017_2019
mix_no_years,tai_an_shi,Overal_Acc,0.9688469403017179,2017_2019
mix_no_years,tai_zhou_shi,FoM,0.13627886510941167,2017_2019
mix_no_years,tai_zhou_shi,Change_ratio,0.17196404886252434,2017_2019
mix_no_years,tai_zhou_shi,Overal_Acc,0.9413328357956596,2017_2019
mix_no_years,luo_yang_shi,FoM,0.07879742252526331,2017_2019
mix_no_years,luo_yang_shi,Change_ratio,0.07796160401725205,2017_2019
mix_no_years,luo_yang_shi,Overal_Acc,0.9906606161555639,2017_2019
mix_no_years,ji_nan_shi,FoM,0.05892228637596182,2017_2019
mix_no_years,ji_nan_shi,Change_ratio,0.0750061074992618,2017_2019
mix_no_years,ji_nan_shi,Overal_Acc,0.9775601365790089,2017_2019
mix_no_years,ji_ning_shi,FoM,0.0709887513520185,2017_2019
mix_no_years,ji_ning_shi,Change_ratio,0.08871891413839113,2017_2019
mix_no_years,ji_ning_shi,Overal_Acc,0.9736006147023808,2017_2019
mix_years,su_zhou_shi,FoM,0.045989388251672945,2017_2019
mix_years,su_zhou_shi,Change_ratio,0.04763901077394161,2017_2019
mix_years,su_zhou_shi,Overal_Acc,0.977746925876791,2017_2019
mix_years,zi_bo_shi,FoM,0.11073994317325166,2017_2019
mix_years,zi_bo_shi,Change_ratio,0.1205544333604409,2017_2019
mix_years,zi_bo_shi,Overal_Acc,0.963821460043233,2017_2019
mix_years,huai_bei_shi,FoM,0.08963772479749345,2017_2019
mix_years,huai_bei_shi,Change_ratio,0.11252986907814622,2017_2019
mix_years,huai_bei_shi,Overal_Acc,0.9649262707844696,2017_2019
mix_years,huai_nan_shi,FoM,0.07192507953256704,2017_2019
mix_years,huai_nan_shi,Change_ratio,0.08889169017303795,2017_2019
mix_years,huai_nan_shi,Overal_Acc,0.9678433259970528,2017_2019
mix_years,huai_an_shi,FoM,0.11790680790260705,2017_2019
mix_years,huai_an_shi,Change_ratio,0.1882443908154606,2017_2019
mix_years,huai_an_shi,Overal_Acc,0.9629058970120227,2017_2019
mix_years,chu_zhou_shi,FoM,0.09464294032008783,2017_2019
mix_years,chu_zhou_shi,Change_ratio,0.18475944101808034,2017_2019
mix_years,chu_zhou_shi,Overal_Acc,0.9634707456013212,2017_2019
mix_years,bin_zhou_shi,FoM,0.06629030909698917,2017_2019
mix_years,bin_zhou_shi,Change_ratio,0.11019656901336307,2017_2019
mix_years,bin_zhou_shi,Overal_Acc,0.9710848809035887,2017_2019
mix_years,ta_he_shi,FoM,0.0880602244569539,2017_2019
mix_years,ta_he_shi,Change_ratio,0.07981499322237888,2017_2019
mix_years,ta_he_shi,Overal_Acc,0.9763472076972236,2017_2019
mix_years,wei_fang_shi,FoM,0.12733647553522032,2017_2019
mix_years,wei_fang_shi,Change_ratio,0.19866084125822567,2017_2019
mix_years,wei_fang_shi,Overal_Acc,0.9494681498539822,2017_2019
mix_years,pu_yang_shi,FoM,0.08266606861374404,2017_2019
mix_years,pu_yang_shi,Change_ratio,0.11890775692027715,2017_2019
mix_years,pu_yang_shi,Overal_Acc,0.9604416174152459,2017_2019
mix_years,yan_tai_shi,FoM,0.13148543749885064,2017_2019
mix_years,yan_tai_shi,Change_ratio,0.15939429948020734,2017_2019
mix_years,yan_tai_shi,Overal_Acc,0.9737814516244525,2017_2019
mix_years,jiao_zuo_shi,FoM,0.06522569240449158,2017_2019
mix_years,jiao_zuo_shi,Change_ratio,0.06361783965679824,2017_2019
mix_years,jiao_zuo_shi,Overal_Acc,0.9802332498643753,2017_2019
mix_years,yan_cheng_shi,FoM,0.12255553482356546,2017_2019
mix_years,yan_cheng_shi,Change_ratio,0.25012891460382874,2017_2019
mix_years,yan_cheng_shi,Overal_Acc,0.9519415190402567,2017_2019
mix_years,shi_jia_zhuang_shi,FoM,0.07511957033010234,2017_2019
mix_years,shi_jia_zhuang_shi,Change_ratio,0.09347078009577721,2017_2019
mix_years,shi_jia_zhuang_shi,Overal_Acc,0.9787828669310265,2017_2019
mix_years,qin_huang_dao_shi,FoM,0.15983142261191444,2017_2019
mix_years,qin_huang_dao_shi,Change_ratio,0.21514794407392954,2017_2019
mix_years,qin_huang_dao_shi,Overal_Acc,0.9757325054841064,2017_2019
mix_years,liao_cheng_shi,FoM,0.06381356781569712,2017_2019
mix_years,liao_cheng_shi,Change_ratio,0.09297539397311988,2017_2019
mix_years,liao_cheng_shi,Overal_Acc,0.9684290146089803,2017_2019
mix_years,wu_hu_shi,FoM,0.06468099124251857,2017_2019
mix_years,wu_hu_shi,Change_ratio,0.10586777164937705,2017_2019
mix_years,wu_hu_shi,Overal_Acc,0.9718716766669387,2017_2019
mix_years,he_ze_shi,FoM,0.09046160491290557,2017_2019
mix_years,he_ze_shi,Change_ratio,0.12629690809136127,2017_2019
mix_years,he_ze_shi,Overal_Acc,0.9552322891779934,2017_2019
mix_years,lai_wu_shi,FoM,0.06429811596731458,2017_2019
mix_years,lai_wu_shi,Change_ratio,0.07677268669938175,2017_2019
mix_years,lai_wu_shi,Overal_Acc,0.9806014223458016,2017_2019
mix_years,bang_bu_shi,FoM,0.08120558192711337,2017_2019
mix_years,bang_bu_shi,Change_ratio,0.12468433450172946,2017_2019
mix_years,bang_bu_shi,Overal_Acc,0.9678453675357426,2017_2019
mix_years,heng_shui_shi,FoM,0.04594671776021861,2017_2019
mix_years,heng_shui_shi,Change_ratio,0.06262466375239158,2017_2019
mix_years,heng_shui_shi,Overal_Acc,0.9866750186706383,2017_2019
mix_years,xu_chang_shi,FoM,0.07980355436878785,2017_2019
mix_years,xu_chang_shi,Change_ratio,0.10682621025684909,2017_2019
mix_years,xu_chang_shi,Overal_Acc,0.9634229545039313,2017_2019
mix_years,lian_yun_gang_shi,FoM,0.09520527327871386,2017_2019
mix_years,lian_yun_gang_shi,Change_ratio,0.10304443332651002,2017_2019
mix_years,lian_yun_gang_shi,Overal_Acc,0.9734845364032317,2017_2019
mix_years,xing_tai_shi,FoM,0.08906543561922083,2017_2019
mix_years,xing_tai_shi,Change_ratio,0.112674245823957,2017_2019
mix_years,xing_tai_shi,Overal_Acc,0.9743271806156542,2017_2019
mix_years,han_dan_shi,FoM,0.10017725579712362,2017_2019
mix_years,han_dan_shi,Change_ratio,0.11917031991879085,2017_2019
mix_years,han_dan_shi,Overal_Acc,0.9706900153897005,2017_2019
mix_years,zheng_zhou_shi,FoM,0.11914462722511387,2017_2019
mix_years,zheng_zhou_shi,Change_ratio,0.12604022004897436,2017_2019
mix_years,zheng_zhou_shi,Overal_Acc,0.9375913159593402,2017_2019
mix_years,tong_ling_shi,FoM,0.0562047679054368,2017_2019
mix_years,tong_ling_shi,Change_ratio,0.07944668703072892,2017_2019
mix_years,tong_ling_shi,Overal_Acc,0.9755462451067604,2017_2019
mix_years,zhen_jiang_shi,FoM,0.058970151819942425,2017_2019
mix_years,zhen_jiang_shi,Change_ratio,0.08189917988170825,2017_2019
mix_years,zhen_jiang_shi,Overal_Acc,0.9644087244232525,2017_2019
mix_years,fu_yang_shi,FoM,0.14812475000224623,2017_2019
mix_years,fu_yang_shi,Change_ratio,0.23646049577060058,2017_2019
mix_years,fu_yang_shi,Overal_Acc,0.9168380511714548,2017_2019
mix_years,qing_dao_shi,FoM,0.14490201943973838,2017_2019
mix_years,qing_dao_shi,Change_ratio,0.16176649847550814,2017_2019
mix_years,qing_dao_shi,Overal_Acc,0.9561182640663928,2017_2019
mix_years,ma_an_shan_shi,FoM,0.08778286871532963,2017_2019
mix_years,ma_an_shan_shi,Change_ratio,0.12662934261103986,2017_2019
mix_years,ma_an_shan_shi,Overal_Acc,0.964057057112143,2017_2019
mix_years,zhu_ma_dian_shi,FoM,0.11425533456867698,2017_2019
mix_years,zhu_ma_dian_shi,Change_ratio,0.22264751712947242,2017_2019
mix_years,zhu_ma_dian_shi,Overal_Acc,0.9504893650849565,2017_2019
mix_years,he_bi_shi,FoM,0.057622271429239855,2017_2019
mix_years,he_bi_shi,Change_ratio,0.0678669979150405,2017_2019
mix_years,he_bi_shi,Overal_Acc,0.9833658357036568,2017_2019
mix_years,huang_shan_shi,FoM,0.07525636784651009,2017_2019
mix_years,huang_shan_shi,Change_ratio,0.15417335188166503,2017_2019
mix_years,huang_shan_shi,Overal_Acc,0.9896378621368865,2017_2019
mix_years,san_men_xia_shi,FoM,0.11286863334068555,2017_2019
mix_years,san_men_xia_shi,Change_ratio,0.19280875889272234,2017_2019
mix_years,san_men_xia_shi,Overal_Acc,0.9913053069716842,2017_2019
mix_years,dong_ying_shi,FoM,0.1258041052605744,2017_2019
mix_years,dong_ying_shi,Change_ratio,0.2371132526664832,2017_2019
mix_years,dong_ying_shi,Overal_Acc,0.9376301124405636,2017_2019
mix_years,lin_yi_shi,FoM,0.12227295292133283,2017_2019
mix_years,lin_yi_shi,Change_ratio,0.13900367434459798,2017_2019
mix_years,lin_yi_shi,Overal_Acc,0.9630395335230502,2017_2019
mix_years,bo_zhou_shi,FoM,0.1137288798208522,2017_2019
mix_years,bo_zhou_shi,Change_ratio,0.20269428347206853,2017_2019
mix_years,bo_zhou_shi,Overal_Acc,0.949284237415579,2017_2019
mix_years,bao_ding_shi,FoM,0.09563675044432883,2017_2019
mix_years,bao_ding_shi,Change_ratio,0.12644684960674352,2017_2019
mix_years,bao_ding_shi,Overal_Acc,0.9780636188389029,2017_2019
mix_years,xin_yang_shi,FoM,0.07460528743785716,2017_2019
mix_years,xin_yang_shi,Change_ratio,0.1508741566754389,2017_2019
mix_years,xin_yang_shi,Overal_Acc,0.9740512967390023,2017_2019
mix_years,liu_an_shi,FoM,0.09366794079984919,2017_2019
mix_years,liu_an_shi,Change_ratio,0.1797584093592858,2017_2019
mix_years,liu_an_shi,Overal_Acc,0.9724716643475747,2017_2019
mix_years,bei_jing_shi,FoM,0.06799852320682982,2017_2019
mix_years,bei_jing_shi,Change_ratio,0.10392766886540071,2017_2019
mix_years,bei_jing_shi,Overal_Acc,0.9778647153468675,2017_2019
mix_years,nan_jing_shi,FoM,0.08717770416832812,2017_2019
mix_years,nan_jing_shi,Change_ratio,0.11131075029989959,2017_2019
mix_years,nan_jing_shi,Overal_Acc,0.949776898991192,2017_2019
mix_years,nan_tong_shi,FoM,0.07831155157946956,2017_2019
mix_years,nan_tong_shi,Change_ratio,0.1420939845987103,2017_2019
mix_years,nan_tong_shi,Overal_Acc,0.9419560463121888,2017_2019
mix_years,nan_yang_shi,FoM,0.08658992272916015,2017_2019
mix_years,nan_yang_shi,Change_ratio,0.19974325302431237,2017_2019
mix_years,nan_yang_shi,Overal_Acc,0.9652765140816086,2017_2019
mix_years,he_fei_shi,FoM,0.11881232091563806,2017_2019
mix_years,he_fei_shi,Change_ratio,0.2185490686439131,2017_2019
mix_years,he_fei_shi,Overal_Acc,0.9229584634354574,2017_2019
mix_years,zhou_kou_shi,FoM,0.07902271617771227,2017_2019
mix_years,zhou_kou_shi,Change_ratio,0.094844749000245,2017_2019
mix_years,zhou_kou_shi,Overal_Acc,0.9729227826398773,2017_2019
mix_years,tang_shan_shi,FoM,0.10522992840296998,2017_2019
mix_years,tang_shan_shi,Change_ratio,0.14316946771418668,2017_2019
mix_years,tang_shan_shi,Overal_Acc,0.9682884385995955,2017_2019
mix_years,shang_qiu_shi,FoM,0.09558180525653422,2017_2019
mix_years,shang_qiu_shi,Change_ratio,0.1310154517215989,2017_2019
mix_years,shang_qiu_shi,Overal_Acc,0.9581815095414566,2017_2019
mix_years,tian_jin_shi,FoM,0.09011526710288587,2017_2019
mix_years,tian_jin_shi,Change_ratio,0.112528310172732,2017_2019
mix_years,tian_jin_shi,Overal_Acc,0.9636959774356628,2017_2019
mix_years,wei_hai_shi,FoM,0.12820340954983017,2017_2019
mix_years,wei_hai_shi,Change_ratio,0.17438720938637411,2017_2019
mix_years,wei_hai_shi,Overal_Acc,0.9690231396927238,2017_2019
mix_years,an_qing_shi,FoM,0.09062404265391466,2017_2019
mix_years,an_qing_shi,Change_ratio,0.2091608356759995,2017_2019
mix_years,an_qing_shi,Overal_Acc,0.9700251662358671,2017_2019
mix_years,an_yang_shi,FoM,0.07866962414014336,2017_2019
mix_years,an_yang_shi,Change_ratio,0.08543878722182727,2017_2019
mix_years,an_yang_shi,Overal_Acc,0.9797684440826809,2017_2019
mix_years,xuan_cheng_shi,FoM,0.0626575378581032,2017_2019
mix_years,xuan_cheng_shi,Change_ratio,0.13334039861503225,2017_2019
mix_years,xuan_cheng_shi,Overal_Acc,0.9864157991054416,2017_2019
mix_years,su_qian_shi,FoM,0.08711586112479633,2017_2019
mix_years,su_qian_shi,Change_ratio,0.13920292308776566,2017_2019
mix_years,su_qian_shi,Overal_Acc,0.9647105012944571,2017_2019
mix_years,chang_zhou_shi,FoM,0.05820284173155151,2017_2019
mix_years,chang_zhou_shi,Change_ratio,0.07559103554414646,2017_2019
mix_years,chang_zhou_shi,Overal_Acc,0.9642803170139295,2017_2019
mix_years,ping_ding_shan_shi,FoM,0.07153956865896548,2017_2019
mix_years,ping_ding_shan_shi,Change_ratio,0.08231944559374574,2017_2019
mix_years,ping_ding_shan_shi,Overal_Acc,0.9805308540811652,2017_2019
mix_years,lang_fang_shi,FoM,0.08974650768324537,2017_2019
mix_years,lang_fang_shi,Change_ratio,0.1165430589291062,2017_2019
mix_years,lang_fang_shi,Overal_Acc,0.9645444676292423,2017_2019
mix_years,kai_feng_shi,FoM,0.17901209130372775,2017_2019
mix_years,kai_feng_shi,Change_ratio,0.25165745811451246,2017_2019
mix_years,kai_feng_shi,Overal_Acc,0.9061115388858264,2017_2019
mix_years,zhang_jia_kou_shi,FoM,0.14627767884179105,2017_2019
mix_years,zhang_jia_kou_shi,Change_ratio,0.27434314284562894,2017_2019
mix_years,zhang_jia_kou_shi,Overal_Acc,0.9856832954833802,2017_2019
mix_years,xu_zhou_shi,FoM,0.11271213449705071,2017_2019
mix_years,xu_zhou_shi,Change_ratio,0.12309543018304807,2017_2019
mix_years,xu_zhou_shi,Overal_Acc,0.9528371091162661,2017_2019
mix_years,de_zhou_shi,FoM,0.05610317871826504,2017_2019
mix_years,de_zhou_shi,Change_ratio,0.06811594536493648,2017_2019
mix_years,de_zhou_shi,Overal_Acc,0.9832655557870142,2017_2019
mix_years,yang_zhou_shi,FoM,0.08553647572475467,2017_2019
mix_years,yang_zhou_shi,Change_ratio,0.13369104166922896,2017_2019
mix_years,yang_zhou_shi,Overal_Acc,0.9613857486036422,2017_2019
mix_years,cheng_de_shi,FoM,0.16845051753517992,2017_2019
mix_years,cheng_de_shi,Change_ratio,0.36488530051896995,2017_2019
mix_years,cheng_de_shi,Overal_Acc,0.9948780466787018,2017_2019
mix_years,xin_xiang_shi,FoM,0.10610962192269516,2017_2019
mix_years,xin_xiang_shi,Change_ratio,0.109069761374009,2017_2019
mix_years,xin_xiang_shi,Overal_Acc,0.9687754076948679,2017_2019
mix_years,wu_xi_shi,FoM,0.0437563417894805,2017_2019
mix_years,wu_xi_shi,Change_ratio,0.05087218617124548,2017_2019
mix_years,wu_xi_shi,Overal_Acc,0.9730058936402277,2017_2019
mix_years,ri_zhao_shi,FoM,0.1634722564677659,2017_2019
mix_years,ri_zhao_shi,Change_ratio,0.20211410575867567,2017_2019
mix_years,ri_zhao_shi,Overal_Acc,0.9549538030745579,2017_2019
mix_years,zao_zhuang_shi,FoM,0.07563741794463541,2017_2019
mix_years,zao_zhuang_shi,Change_ratio,0.09457934401806085,2017_2019
mix_years,zao_zhuang_shi,Overal_Acc,0.9653894875212149,2017_2019
mix_years,chi_zhou_shi,FoM,0.08960464170938265,2017_2019
mix_years,chi_zhou_shi,Change_ratio,0.18118996599753234,2017_2019
mix_years,chi_zhou_shi,Overal_Acc,0.9837135811353321,2017_2019
mix_years,cang_zhou_shi,FoM,0.0661225241672369,2017_2019
mix_years,cang_zhou_shi,Change_ratio,0.08671993794235387,2017_2019
mix_years,cang_zhou_shi,Overal_Acc,0.9784539352131572,2017_2019
mix_years,tai_an_shi,FoM,0.06454033624886368,2017_2019
mix_years,tai_an_shi,Change_ratio,0.10357961086196434,2017_2019
mix_years,tai_an_shi,Overal_Acc,0.9684098077223817,2017_2019
mix_years,tai_zhou_shi,FoM,0.12511801423694868,2017_2019
mix_years,tai_zhou_shi,Change_ratio,0.17196404886252434,2017_2019
mix_years,tai_zhou_shi,Overal_Acc,0.9399129844030599,2017_2019
mix_years,luo_yang_shi,FoM,0.07252541341641387,2017_2019
mix_years,luo_yang_shi,Change_ratio,0.07796160401725205,2017_2019
mix_years,luo_yang_shi,Overal_Acc,0.9909680027238926,2017_2019
mix_years,ji_nan_shi,FoM,0.057373472121554796,2017_2019
mix_years,ji_nan_shi,Change_ratio,0.0750061074992618,2017_2019
mix_years,ji_nan_shi,Overal_Acc,0.9776347192925928,2017_2019
mix_years,ji_ning_shi,FoM,0.06700962473710223,2017_2019
mix_years,ji_ning_shi,Change_ratio,0.08871891413839113,2017_2019
mix_years,ji_ning_shi,Overal_Acc,0.9734635955179047,2017_2019
no_distance,su_zhou_shi,FoM,0.05487941864454916,2017_2019
no_distance,su_zhou_shi,Change_ratio,0.04763901077394161,2017_2019
no_distance,su_zhou_shi,Overal_Acc,0.9781479535979546,2017_2019
no_distance,zi_bo_shi,FoM,0.11888105855958205,2017_2019
no_distance,zi_bo_shi,Change_ratio,0.1205544333604409,2017_2019
no_distance,zi_bo_shi,Overal_Acc,0.9644108239954045,2017_2019
no_distance,huai_bei_shi,FoM,0.11134838775470145,2017_2019
no_distance,huai_bei_shi,Change_ratio,0.11252986907814622,2017_2019
no_distance,huai_bei_shi,Overal_Acc,0.9664243445213081,2017_2019
no_distance,huai_nan_shi,FoM,0.08414118741186995,2017_2019
no_distance,huai_nan_shi,Change_ratio,0.08889169017303795,2017_2019
no_distance,huai_nan_shi,Overal_Acc,0.9686244586288354,2017_2019
no_distance,huai_an_shi,FoM,0.1416940264677976,2017_2019
no_distance,huai_an_shi,Change_ratio,0.1882443908154606,2017_2019
no_distance,huai_an_shi,Overal_Acc,0.9646389948503149,2017_2019
no_distance,chu_zhou_shi,FoM,0.10440003632129764,2017_2019
no_distance,chu_zhou_shi,Change_ratio,0.18475944101808034,2017_2019
no_distance,chu_zhou_shi,Overal_Acc,0.964194976622634,2017_2019
no_distance,bin_zhou_shi,FoM,0.0817998482202004,2017_2019
no_distance,bin_zhou_shi,Change_ratio,0.11019656901336307,2017_2019
no_distance,bin_zhou_shi,Overal_Acc,0.9719721120745214,2017_2019
no_distance,ta_he_shi,FoM,0.11470535969614064,2017_2019
no_distance,ta_he_shi,Change_ratio,0.07981499322237888,2017_2019
no_distance,ta_he_shi,Overal_Acc,0.9775903824746729,2017_2019
no_distance,wei_fang_shi,FoM,0.13002292713479702,2017_2019
no_distance,wei_fang_shi,Change_ratio,0.19866084125822567,2017_2019
no_distance,wei_fang_shi,Overal_Acc,0.9497913148996519,2017_2019
no_distance,pu_yang_shi,FoM,0.11182311508497687,2017_2019
no_distance,pu_yang_shi,Change_ratio,0.11890775692027715,2017_2019
no_distance,pu_yang_shi,Overal_Acc,0.9627016964051872,2017_2019
no_distance,yan_tai_shi,FoM,0.13733058306326748,2017_2019
no_distance,yan_tai_shi,Change_ratio,0.15939429948020734,2017_2019
no_distance,yan_tai_shi,Overal_Acc,0.974085849890614,2017_2019
no_distance,jiao_zuo_shi,FoM,0.06773063427403163,2017_2019
no_distance,jiao_zuo_shi,Change_ratio,0.06361783965679824,2017_2019
no_distance,jiao_zuo_shi,Overal_Acc,0.9803390995191035,2017_2019
no_distance,yan_cheng_shi,FoM,0.13567635770661385,2017_2019
no_distance,yan_cheng_shi,Change_ratio,0.25012891460382874,2017_2019
no_distance,yan_cheng_shi,Overal_Acc,0.953174045703624,2017_2019
no_distance,shi_jia_zhuang_shi,FoM,0.089912431224748,2017_2019
no_distance,shi_jia_zhuang_shi,Change_ratio,0.09347078009577721,2017_2019
no_distance,shi_jia_zhuang_shi,Overal_Acc,0.9794368446311768,2017_2019
no_distance,qin_huang_dao_shi,FoM,0.15063628040546526,2017_2019
no_distance,qin_huang_dao_shi,Change_ratio,0.21514794407392954,2017_2019
no_distance,qin_huang_dao_shi,Overal_Acc,0.975288589893943,2017_2019
no_distance,liao_cheng_shi,FoM,0.08058052936754062,2017_2019
no_distance,liao_cheng_shi,Change_ratio,0.09297539397311988,2017_2019
no_distance,liao_cheng_shi,Overal_Acc,0.9694800282525009,2017_2019
no_distance,wu_hu_shi,FoM,0.07579856969869181,2017_2019
no_distance,wu_hu_shi,Change_ratio,0.10586777164937705,2017_2019
no_distance,wu_hu_shi,Overal_Acc,0.9724890978751336,2017_2019
no_distance,he_ze_shi,FoM,0.11649875294519874,2017_2019
no_distance,he_ze_shi,Change_ratio,0.12629690809136127,2017_2019
no_distance,he_ze_shi,Overal_Acc,0.9575444628217086,2017_2019
no_distance,lai_wu_shi,FoM,0.06630704986009528,2017_2019
no_distance,lai_wu_shi,Change_ratio,0.07677268669938175,2017_2019
no_distance,lai_wu_shi,Overal_Acc,0.9806939660463682,2017_2019
no_distance,bang_bu_shi,FoM,0.10122700222519095,2017_2019
no_distance,bang_bu_shi,Change_ratio,0.12468433450172946,2017_2019
no_distance,bang_bu_shi,Overal_Acc,0.9691177206819329,2017_2019
no_distance,heng_shui_shi,FoM,0.06116514790028822,2017_2019
no_distance,heng_shui_shi,Change_ratio,0.06262466375239158,2017_2019
no_distance,heng_shui_shi,Overal_Acc,0.9870766582911058,2017_2019
no_distance,xu_chang_shi,FoM,0.08165491798724356,2017_2019
no_distance,xu_chang_shi,Change_ratio,0.10682621025684909,2017_2019
no_distance,xu_chang_shi,Overal_Acc,0.96356937671379,2017_2019
no_distance,lian_yun_gang_shi,FoM,0.11123499534692592,2017_2019
no_distance,lian_yun_gang_shi,Change_ratio,0.10304443332651002,2017_2019
no_distance,lian_yun_gang_shi,Overal_Acc,0.9743401949086453,2017_2019
no_distance,xing_tai_shi,FoM,0.0954843658090298,2017_2019
no_distance,xing_tai_shi,Change_ratio,0.112674245823957,2017_2019
no_distance,xing_tai_shi,Overal_Acc,0.974656525968584,2017_2019
no_distance,han_dan_shi,FoM,0.1084965105997174,2017_2019
no_distance,han_dan_shi,Change_ratio,0.11917031991879085,2017_2019
no_distance,han_dan_shi,Overal_Acc,0.9711805140005255,2017_2019
no_distance,zheng_zhou_shi,FoM,0.13105895381748126,2017_2019
no_distance,zheng_zhou_shi,Change_ratio,0.12604022004897436,2017_2019
no_distance,zheng_zhou_shi,Overal_Acc,0.9390900456810624,2017_2019
no_distance,tong_ling_shi,FoM,0.06733743723020734,2017_2019
no_distance,tong_ling_shi,Change_ratio,0.07944668703072892,2017_2019
no_distance,tong_ling_shi,Overal_Acc,0.9761045472354449,2017_2019
no_distance,zhen_jiang_shi,FoM,0.07247418672487482,2017_2019
no_distance,zhen_jiang_shi,Change_ratio,0.08189917988170825,2017_2019
no_distance,zhen_jiang_shi,Overal_Acc,0.9653571622256403,2017_2019
no_distance,fu_yang_shi,FoM,0.17173448525958293,2017_2019
no_distance,fu_yang_shi,Change_ratio,0.23646049577060058,2017_2019
no_distance,fu_yang_shi,Overal_Acc,0.9208179965648816,2017_2019
no_distance,qing_dao_shi,FoM,0.1617433691223416,2017_2019
no_distance,qing_dao_shi,Change_ratio,0.16176649847550814,2017_2019
no_distance,qing_dao_shi,Overal_Acc,0.9576382446507787,2017_2019
no_distance,ma_an_shan_shi,FoM,0.09502388932824381,2017_2019
no_distance,ma_an_shan_shi,Change_ratio,0.12662934261103986,2017_2019
no_distance,ma_an_shan_shi,Overal_Acc,0.9645861237879859,2017_2019
no_distance,zhu_ma_dian_shi,FoM,0.13607285588054843,2017_2019
no_distance,zhu_ma_dian_shi,Change_ratio,0.22264751712947242,2017_2019
no_distance,zhu_ma_dian_shi,Overal_Acc,0.9526704751762315,2017_2019
no_distance,he_bi_shi,FoM,0.060406343779349725,2017_2019
no_distance,he_bi_shi,Change_ratio,0.0678669979150405,2017_2019
no_distance,he_bi_shi,Overal_Acc,0.9834576090454912,2017_2019
no_distance,huang_shan_shi,FoM,0.09255744917097304,2017_2019
no_distance,huang_shan_shi,Change_ratio,0.15417335188166503,2017_2019
no_distance,huang_shan_shi,Overal_Acc,0.989872492815354,2017_2019
no_distance,san_men_xia_shi,FoM,0.10877069050895989,2017_2019
no_distance,san_men_xia_shi,Change_ratio,0.19280875889272234,2017_2019
no_distance,san_men_xia_shi,Overal_Acc,0.9912478461509487,2017_2019
no_distance,dong_ying_shi,FoM,0.126615083951387,2017_2019
no_distance,dong_ying_shi,Change_ratio,0.2371132526664832,2017_2019
no_distance,dong_ying_shi,Overal_Acc,0.9377721588733221,2017_2019
no_distance,lin_yi_shi,FoM,0.12726352001044688,2017_2019
no_distance,lin_yi_shi,Change_ratio,0.13900367434459798,2017_2019
no_distance,lin_yi_shi,Overal_Acc,0.9634027147145232,2017_2019
no_distance,bo_zhou_shi,FoM,0.1387289617817183,2017_2019
no_distance,bo_zhou_shi,Change_ratio,0.20269428347206853,2017_2019
no_distance,bo_zhou_shi,Overal_Acc,0.9518308970950236,2017_2019
no_distance,bao_ding_shi,FoM,0.09595052532369806,2017_2019
no_distance,bao_ding_shi,Change_ratio,0.12644684960674352,2017_2019
no_distance,bao_ding_shi,Overal_Acc,0.9781272339664884,2017_2019
no_distance,xin_yang_shi,FoM,0.08778887877529305,2017_2019
no_distance,xin_yang_shi,Change_ratio,0.1508741566754389,2017_2019
no_distance,xin_yang_shi,Overal_Acc,0.9747205445280775,2017_2019
no_distance,liu_an_shi,FoM,0.10278455769870028,2017_2019
no_distance,liu_an_shi,Change_ratio,0.1797584093592858,2017_2019
no_distance,liu_an_shi,Overal_Acc,0.9730057428610911,2017_2019
no_distance,bei_jing_shi,FoM,0.0788352209918952,2017_2019
no_distance,bei_jing_shi,Change_ratio,0.10392766886540071,2017_2019
no_distance,bei_jing_shi,Overal_Acc,0.978351675674999,2017_2019
no_distance,nan_jing_shi,FoM,0.09517976852711231,2017_2019
no_distance,nan_jing_shi,Change_ratio,0.11131075029989959,2017_2019
no_distance,nan_jing_shi,Overal_Acc,0.9505980050208369,2017_2019
no_distance,nan_tong_shi,FoM,0.09563105124069127,2017_2019
no_distance,nan_tong_shi,Change_ratio,0.1420939845987103,2017_2019
no_distance,nan_tong_shi,Overal_Acc,0.9439743621497162,2017_2019
no_distance,nan_yang_shi,FoM,0.09141345881231537,2017_2019
no_distance,nan_yang_shi,Change_ratio,0.19974325302431237,2017_2019
no_distance,nan_yang_shi,Overal_Acc,0.9656236105982499,2017_2019
no_distance,he_fei_shi,FoM,0.1288150385073624,2017_2019
no_distance,he_fei_shi,Change_ratio,0.2185490686439131,2017_2019
no_distance,he_fei_shi,Overal_Acc,0.9245000165920245,2017_2019
no_distance,zhou_kou_shi,FoM,0.11071663156457875,2017_2019
no_distance,zhou_kou_shi,Change_ratio,0.094844749000245,2017_2019
no_distance,zhou_kou_shi,Overal_Acc,0.9746140558419146,2017_2019
no_distance,tang_shan_shi,FoM,0.10682737691514177,2017_2019
no_distance,tang_shan_shi,Change_ratio,0.14316946771418668,2017_2019
no_distance,tang_shan_shi,Overal_Acc,0.9684073528082504,2017_2019
no_distance,shang_qiu_shi,FoM,0.1353777108883381,2017_2019
no_distance,shang_qiu_shi,Change_ratio,0.1310154517215989,2017_2019
no_distance,shang_qiu_shi,Overal_Acc,0.9614282758586462,2017_2019
no_distance,tian_jin_shi,FoM,0.09079469555545323,2017_2019
no_distance,tian_jin_shi,Change_ratio,0.112528310172732,2017_2019
no_distance,tian_jin_shi,Overal_Acc,0.963755106306118,2017_2019
no_distance,wei_hai_shi,FoM,0.12114129909620364,2017_2019
no_distance,wei_hai_shi,Change_ratio,0.17438720938637411,2017_2019
no_distance,wei_hai_shi,Overal_Acc,0.9685951577008517,2017_2019
no_distance,an_qing_shi,FoM,0.10372453435841476,2017_2019
no_distance,an_qing_shi,Change_ratio,0.2091608356759995,2017_2019
no_distance,an_qing_shi,Overal_Acc,0.9708082448963358,2017_2019
no_distance,an_yang_shi,FoM,0.08674513683974273,2017_2019
no_distance,an_yang_shi,Change_ratio,0.08543878722182727,2017_2019
no_distance,an_yang_shi,Overal_Acc,0.9801010491310591,2017_2019
no_distance,xuan_cheng_shi,FoM,0.0699375320697574,2017_2019
no_distance,xuan_cheng_shi,Change_ratio,0.13334039861503225,2017_2019
no_distance,xuan_cheng_shi,Overal_Acc,0.9866258848013221,2017_2019
no_distance,su_qian_shi,FoM,0.10340665675183984,2017_2019
no_distance,su_qian_shi,Change_ratio,0.13920292308776566,2017_2019
no_distance,su_qian_shi,Overal_Acc,0.9658660725050556,2017_2019
no_distance,chang_zhou_shi,FoM,0.07593452085920892,2017_2019
no_distance,chang_zhou_shi,Change_ratio,0.07559103554414646,2017_2019
no_distance,chang_zhou_shi,Overal_Acc,0.9655231486306561,2017_2019
no_distance,ping_ding_shan_shi,FoM,0.0776013717187622,2017_2019
no_distance,ping_ding_shan_shi,Change_ratio,0.08231944559374574,2017_2019
no_distance,ping_ding_shan_shi,Overal_Acc,0.9807622746193058,2017_2019
no_distance,lang_fang_shi,FoM,0.09288763830404657,2017_2019
no_distance,lang_fang_shi,Change_ratio,0.1165430589291062,2017_2019
no_distance,lang_fang_shi,Overal_Acc,0.964774534890296,2017_2019
no_distance,kai_feng_shi,FoM,0.1979985968895511,2017_2019
no_distance,kai_feng_shi,Change_ratio,0.25165745811451246,2017_2019
no_distance,kai_feng_shi,Overal_Acc,0.9097508467886547,2017_2019
no_distance,zhang_jia_kou_shi,FoM,0.1303258422878817,2017_2019
no_distance,zhang_jia_kou_shi,Change_ratio,0.27434314284562894,2017_2019
no_distance,zhang_jia_kou_shi,Overal_Acc,0.9855601252873,2017_2019
no_distance,xu_zhou_shi,FoM,0.12925696479381715,2017_2019
no_distance,xu_zhou_shi,Change_ratio,0.12309543018304807,2017_2019
no_distance,xu_zhou_shi,Overal_Acc,0.9544007843328323,2017_2019
no_distance,de_zhou_shi,FoM,0.08148670996477908,2017_2019
no_distance,de_zhou_shi,Change_ratio,0.06811594536493648,2017_2019
no_distance,de_zhou_shi,Overal_Acc,0.9841102186802623,2017_2019
no_distance,yang_zhou_shi,FoM,0.09611881834636403,2017_2019
no_distance,yang_zhou_shi,Change_ratio,0.13369104166922896,2017_2019
no_distance,yang_zhou_shi,Overal_Acc,0.9622037361122053,2017_2019
no_distance,cheng_de_shi,FoM,0.15067615294044212,2017_2019
no_distance,cheng_de_shi,Change_ratio,0.36488530051896995,2017_2019
no_distance,cheng_de_shi,Overal_Acc,0.9947080404106937,2017_2019
no_distance,xin_xiang_shi,FoM,0.10442379245631545,2017_2019
no_distance,xin_xiang_shi,Change_ratio,0.109069761374009,2017_2019
no_distance,xin_xiang_shi,Overal_Acc,0.9686832605898115,2017_2019
no_distance,wu_xi_shi,FoM,0.060981481464647706,2017_2019
no_distance,wu_xi_shi,Change_ratio,0.05087218617124548,2017_2019
no_distance,wu_xi_shi,Overal_Acc,0.9739321416134261,2017_2019
no_distance,ri_zhao_shi,FoM,0.17573704864199707,2017_2019
no_distance,ri_zhao_shi,Change_ratio,0.20211410575867567,2017_2019
no_distance,ri_zhao_shi,Overal_Acc,0.9560771535714995,2017_2019
no_distance,zao_zhuang_shi,FoM,0.08712648833046747,2017_2019
no_distance,zao_zhuang_shi,Change_ratio,0.09457934401806085,2017_2019
no_distance,zao_zhuang_shi,Overal_Acc,0.966192587466553,2017_2019
no_distance,chi_zhou_shi,FoM,0.10600642179440725,2017_2019
no_distance,chi_zhou_shi,Change_ratio,0.18118996599753234,2017_2019
no_distance,chi_zhou_shi,Overal_Acc,0.9842502240401334,2017_2019
no_distance,cang_zhou_shi,FoM,0.07267932974933675,2017_2019
no_distance,cang_zhou_shi,Change_ratio,0.08671993794235387,2017_2019
no_distance,cang_zhou_shi,Overal_Acc,0.9787344756324265,2017_2019
no_distance,tai_an_shi,FoM,0.08000144107466256,2017_2019
no_distance,tai_an_shi,Change_ratio,0.10357961086196434,2017_2019
no_distance,tai_an_shi,Overal_Acc,0.9693901409103143,2017_2019
no_distance,tai_zhou_shi,FoM,0.13541368752334929,2017_2019
no_distance,tai_zhou_shi,Change_ratio,0.17196404886252434,2017_2019
no_distance,tai_zhou_shi,Overal_Acc,0.9411912434385017,2017_2019
no_distance,luo_yang_shi,FoM,0.07199439496882026,2017_2019
no_distance,luo_yang_shi,Change_ratio,0.07796160401725205,2017_2019
no_distance,luo_yang_shi,Overal_Acc,0.9910495781842759,2017_2019
no_distance,ji_nan_shi,FoM,0.06308704889424803,2017_2019
no_distance,ji_nan_shi,Change_ratio,0.0750061074992618,2017_2019
no_distance,ji_nan_shi,Overal_Acc,0.9779011257230835,2017_2019
no_distance,ji_ning_shi,FoM,0.07369165390755203,2017_2019
no_distance,ji_ning_shi,Change_ratio,0.08871891413839113,2017_2019
no_distance,ji_ning_shi,Overal_Acc,0.9738086766985415,2017_2019
with_distance,su_zhou_shi,FoM,0.04619298733031047,2017_2019
with_distance,su_zhou_shi,Change_ratio,0.04763901077394161,2017_2019
with_distance,su_zhou_shi,Overal_Acc,0.9776635792681678,2017_2019
with_distance,zi_bo_shi,FoM,0.10828608030841966,2017_2019
with_distance,zi_bo_shi,Change_ratio,0.1205544333604409,2017_2019
with_distance,zi_bo_shi,Overal_Acc,0.9636347321421657,2017_2019
with_distance,huai_bei_shi,FoM,0.09603122270655493,2017_2019
with_distance,huai_bei_shi,Change_ratio,0.11252986907814622,2017_2019
with_distance,huai_bei_shi,Overal_Acc,0.9653780088800054,2017_2019
with_distance,huai_nan_shi,FoM,0.07411839991924829,2017_2019
with_distance,huai_nan_shi,Change_ratio,0.08889169017303795,2017_2019
with_distance,huai_nan_shi,Overal_Acc,0.9679734096218281,2017_2019
with_distance,huai_an_shi,FoM,0.13297363731413833,2017_2019
with_distance,huai_an_shi,Change_ratio,0.1882443908154606,2017_2019
with_distance,huai_an_shi,Overal_Acc,0.9640251378571912,2017_2019
with_distance,chu_zhou_shi,FoM,0.10103197115948781,2017_2019
with_distance,chu_zhou_shi,Change_ratio,0.18475944101808034,2017_2019
with_distance,chu_zhou_shi,Overal_Acc,0.9639515381482778,2017_2019
with_distance,bin_zhou_shi,FoM,0.07576963606527998,2017_2019
with_distance,bin_zhou_shi,Change_ratio,0.11019656901336307,2017_2019
with_distance,bin_zhou_shi,Overal_Acc,0.9716277634721656,2017_2019
with_distance,ta_he_shi,FoM,0.11119869455118898,2017_2019
with_distance,ta_he_shi,Change_ratio,0.07981499322237888,2017_2019
with_distance,ta_he_shi,Overal_Acc,0.9774206663461212,2017_2019
with_distance,wei_fang_shi,FoM,0.12406888996230225,2017_2019
with_distance,wei_fang_shi,Change_ratio,0.19866084125822567,2017_2019
with_distance,wei_fang_shi,Overal_Acc,0.9491339317099379,2017_2019
with_distance,pu_yang_shi,FoM,0.10464163551239727,2017_2019
with_distance,pu_yang_shi,Change_ratio,0.11890775692027715,2017_2019
with_distance,pu_yang_shi,Overal_Acc,0.962169572013832,2017_2019
with_distance,yan_tai_shi,FoM,0.12554874784214198,2017_2019
with_distance,yan_tai_shi,Change_ratio,0.15939429948020734,2017_2019
with_distance,yan_tai_shi,Overal_Acc,0.9733894340526634,2017_2019
with_distance,jiao_zuo_shi,FoM,0.05086202546826326,2017_2019
with_distance,jiao_zuo_shi,Change_ratio,0.06361783965679824,2017_2019
with_distance,jiao_zuo_shi,Overal_Acc,0.9796624318309841,2017_2019
with_distance,yan_cheng_shi,FoM,0.1276426174721675,2017_2019
with_distance,yan_cheng_shi,Change_ratio,0.25012891460382874,2017_2019
with_distance,yan_cheng_shi,Overal_Acc,0.9524069891812146,2017_2019
with_distance,shi_jia_zhuang_shi,FoM,0.08107058780038517,2017_2019
with_distance,shi_jia_zhuang_shi,Change_ratio,0.09347078009577721,2017_2019
with_distance,shi_jia_zhuang_shi,Overal_Acc,0.9790717263044169,2017_2019
with_distance,qin_huang_dao_shi,FoM,0.13261332199314477,2017_2019
with_distance,qin_huang_dao_shi,Change_ratio,0.21514794407392954,2017_2019
with_distance,qin_huang_dao_shi,Overal_Acc,0.9743448794783585,2017_2019
with_distance,liao_cheng_shi,FoM,0.07614252514380605,2017_2019
with_distance,liao_cheng_shi,Change_ratio,0.09297539397311988,2017_2019
with_distance,liao_cheng_shi,Overal_Acc,0.9692014083353016,2017_2019
with_distance,wu_hu_shi,FoM,0.06975780712416528,2017_2019
with_distance,wu_hu_shi,Change_ratio,0.10586777164937705,2017_2019
with_distance,wu_hu_shi,Overal_Acc,0.972156052018254,2017_2019
with_distance,he_ze_shi,FoM,0.10936526279055313,2017_2019
with_distance,he_ze_shi,Change_ratio,0.12629690809136127,2017_2019
with_distance,he_ze_shi,Overal_Acc,0.9569310628581561,2017_2019
with_distance,lai_wu_shi,FoM,0.059327750284526165,2017_2019
with_distance,lai_wu_shi,Change_ratio,0.07677268669938175,2017_2019
with_distance,lai_wu_shi,Overal_Acc,0.980424123669928,2017_2019
with_distance,bang_bu_shi,FoM,0.09502995709873267,2017_2019
with_distance,bang_bu_shi,Change_ratio,0.12468433450172946,2017_2019
with_distance,bang_bu_shi,Overal_Acc,0.9687408742975646,2017_2019
with_distance,heng_shui_shi,FoM,0.05056362295031524,2017_2019
with_distance,heng_shui_shi,Change_ratio,0.06262466375239158,2017_2019
with_distance,heng_shui_shi,Overal_Acc,0.9867950543826881,2017_2019
with_distance,xu_chang_shi,FoM,0.0773596772809646,2017_2019
with_distance,xu_chang_shi,Change_ratio,0.10682621025684909,2017_2019
with_distance,xu_chang_shi,Overal_Acc,0.9632581690894038,2017_2019
with_distance,lian_yun_gang_shi,FoM,0.10094694186625773,2017_2019
with_distance,lian_yun_gang_shi,Change_ratio,0.10304443332651002,2017_2019
with_distance,lian_yun_gang_shi,Overal_Acc,0.9737654320508018,2017_2019
with_distance,xing_tai_shi,FoM,0.09575435165190657,2017_2019
with_distance,xing_tai_shi,Change_ratio,0.112674245823957,2017_2019
with_distance,xing_tai_shi,Overal_Acc,0.9746769651865337,2017_2019
with_distance,han_dan_shi,FoM,0.10259498094085259,2017_2019
with_distance,han_dan_shi,Change_ratio,0.11917031991879085,2017_2019
with_distance,han_dan_shi,Overal_Acc,0.9708300205022119,2017_2019
with_distance,zheng_zhou_shi,FoM,0.11536904358956838,2017_2019
with_distance,zheng_zhou_shi,Change_ratio,0.12604022004897436,2017_2019
with_distance,zheng_zhou_shi,Overal_Acc,0.9371089779776949,2017_2019
with_distance,tong_ling_shi,FoM,0.06607873259016019,2017_2019
with_distance,tong_ling_shi,Change_ratio,0.07944668703072892,2017_2019
with_distance,tong_ling_shi,Overal_Acc,0.976044632665169,2017_2019
with_distance,zhen_jiang_shi,FoM,0.06782080236031175,2017_2019
with_distance,zhen_jiang_shi,Change_ratio,0.08189917988170825,2017_2019
with_distance,zhen_jiang_shi,Overal_Acc,0.9650325089473326,2017_2019
with_distance,fu_yang_shi,FoM,0.16182125504474226,2017_2019
with_distance,fu_yang_shi,Change_ratio,0.23646049577060058,2017_2019
with_distance,fu_yang_shi,Overal_Acc,0.9191599213895699,2017_2019
with_distance,qing_dao_shi,FoM,0.14487910919700783,2017_2019
with_distance,qing_dao_shi,Change_ratio,0.16176649847550814,2017_2019
with_distance,qing_dao_shi,Overal_Acc,0.9560963872747968,2017_2019
with_distance,ma_an_shan_shi,FoM,0.09214237931587618,2017_2019
with_distance,ma_an_shan_shi,Change_ratio,0.12662934261103986,2017_2019
with_distance,ma_an_shan_shi,Overal_Acc,0.9643810357360003,2017_2019
with_distance,zhu_ma_dian_shi,FoM,0.13008652864121933,2017_2019
with_distance,zhu_ma_dian_shi,Change_ratio,0.22264751712947242,2017_2019
with_distance,zhu_ma_dian_shi,Overal_Acc,0.9520614082536849,2017_2019
with_distance,he_bi_shi,FoM,0.0611244735831066,2017_2019
with_distance,he_bi_shi,Change_ratio,0.0678669979150405,2017_2019
with_distance,he_bi_shi,Overal_Acc,0.9834829968186131,2017_2019
with_distance,huang_shan_shi,FoM,0.038858128634456604,2017_2019
with_distance,huang_shan_shi,Change_ratio,0.15417335188166503,2017_2019
with_distance,huang_shan_shi,Overal_Acc,0.9891410564183408,2017_2019
with_distance,san_men_xia_shi,FoM,0.08862044019209779,2017_2019
with_distance,san_men_xia_shi,Change_ratio,0.19280875889272234,2017_2019
with_distance,san_men_xia_shi,Overal_Acc,0.9908799152537243,2017_2019
with_distance,dong_ying_shi,FoM,0.11852377530043125,2017_2019
with_distance,dong_ying_shi,Change_ratio,0.2371132526664832,2017_2019
with_distance,dong_ying_shi,Overal_Acc,0.9366864073321974,2017_2019
with_distance,lin_yi_shi,FoM,0.12379762544817945,2017_2019
with_distance,lin_yi_shi,Change_ratio,0.13900367434459798,2017_2019
with_distance,lin_yi_shi,Overal_Acc,0.9631522483955075,2017_2019
with_distance,bo_zhou_shi,FoM,0.12738682158257103,2017_2019
with_distance,bo_zhou_shi,Change_ratio,0.20269428347206853,2017_2019
with_distance,bo_zhou_shi,Overal_Acc,0.9506599437661644,2017_2019
with_distance,bao_ding_shi,FoM,0.09328819974120657,2017_2019
with_distance,bao_ding_shi,Change_ratio,0.12644684960674352,2017_2019
with_distance,bao_ding_shi,Overal_Acc,0.9779944625203485,2017_2019
with_distance,xin_yang_shi,FoM,0.07321156570909906,2017_2019
with_distance,xin_yang_shi,Change_ratio,0.1508741566754389,2017_2019
with_distance,xin_yang_shi,Overal_Acc,0.973967109742645,2017_2019
with_distance,liu_an_shi,FoM,0.09669577038942721,2017_2019
with_distance,liu_an_shi,Change_ratio,0.1797584093592858,2017_2019
with_distance,liu_an_shi,Overal_Acc,0.9726570490670393,2017_2019
with_distance,bei_jing_shi,FoM,0.07665120946719195,2017_2019
with_distance,bei_jing_shi,Change_ratio,0.10392766886540071,2017_2019
with_distance,bei_jing_shi,Overal_Acc,0.9782515411817734,2017_2019
with_distance,nan_jing_shi,FoM,0.09423176251309111,2017_2019
with_distance,nan_jing_shi,Change_ratio,0.11131075029989959,2017_2019
with_distance,nan_jing_shi,Overal_Acc,0.9504771447324293,2017_2019
with_distance,nan_tong_shi,FoM,0.09330551749420656,2017_2019
with_distance,nan_tong_shi,Change_ratio,0.1420939845987103,2017_2019
with_distance,nan_tong_shi,Overal_Acc,0.9436842686205953,2017_2019
with_distance,nan_yang_shi,FoM,0.08073571128086175,2017_2019
with_distance,nan_yang_shi,Change_ratio,0.19974325302431237,2017_2019
with_distance,nan_yang_shi,Overal_Acc,0.9648601385891501,2017_2019
with_distance,he_fei_shi,FoM,0.1250779670225156,2017_2019
with_distance,he_fei_shi,Change_ratio,0.2185490686439131,2017_2019
with_distance,he_fei_shi,Overal_Acc,0.9239178505509342,2017_2019
with_distance,zhou_kou_shi,FoM,0.10091986069893474,2017_2019
with_distance,zhou_kou_shi,Change_ratio,0.094844749000245,2017_2019
with_distance,zhou_kou_shi,Overal_Acc,0.9740813086430031,2017_2019
with_distance,tang_shan_shi,FoM,0.10508091696068533,2017_2019
with_distance,tang_shan_shi,Change_ratio,0.14316946771418668,2017_2019
with_distance,tang_shan_shi,Overal_Acc,0.9682599373601618,2017_2019
with_distance,shang_qiu_shi,FoM,0.12465064382956602,2017_2019
with_distance,shang_qiu_shi,Change_ratio,0.1310154517215989,2017_2019
with_distance,shang_qiu_shi,Overal_Acc,0.9605862699304957,2017_2019
with_distance,tian_jin_shi,FoM,0.08382703633960485,2017_2019
with_distance,tian_jin_shi,Change_ratio,0.112528310172732,2017_2019
with_distance,tian_jin_shi,Overal_Acc,0.9632330224906556,2017_2019
with_distance,wei_hai_shi,FoM,0.10287388210397483,2017_2019
with_distance,wei_hai_shi,Change_ratio,0.17438720938637411,2017_2019
with_distance,wei_hai_shi,Overal_Acc,0.9672517248149691,2017_2019
with_distance,an_qing_shi,FoM,0.09792827153014508,2017_2019
with_distance,an_qing_shi,Change_ratio,0.2091608356759995,2017_2019
with_distance,an_qing_shi,Overal_Acc,0.9704540786001219,2017_2019
with_distance,an_yang_shi,FoM,0.078885105932627,2017_2019
with_distance,an_yang_shi,Change_ratio,0.08543878722182727,2017_2019
with_distance,an_yang_shi,Overal_Acc,0.9797846089865068,2017_2019
with_distance,xuan_cheng_shi,FoM,0.05387538053635137,2017_2019
with_distance,xuan_cheng_shi,Change_ratio,0.13334039861503225,2017_2019
with_distance,xuan_cheng_shi,Overal_Acc,0.9861796568368099,2017_2019
with_distance,su_qian_shi,FoM,0.09804051100858922,2017_2019
with_distance,su_qian_shi,Change_ratio,0.13920292308776566,2017_2019
with_distance,su_qian_shi,Overal_Acc,0.9654889531191,2017_2019
with_distance,chang_zhou_shi,FoM,0.06594431549401127,2017_2019
with_distance,chang_zhou_shi,Change_ratio,0.07559103554414646,2017_2019
with_distance,chang_zhou_shi,Overal_Acc,0.9648263960455368,2017_2019
with_distance,ping_ding_shan_shi,FoM,0.07095726905478669,2017_2019
with_distance,ping_ding_shan_shi,Change_ratio,0.08231944559374574,2017_2019
with_distance,ping_ding_shan_shi,Overal_Acc,0.9805068890056456,2017_2019
with_distance,lang_fang_shi,FoM,0.094097326417382,2017_2019
with_distance,lang_fang_shi,Change_ratio,0.1165430589291062,2017_2019
with_distance,lang_fang_shi,Overal_Acc,0.964871694384744,2017_2019
with_distance,kai_feng_shi,FoM,0.1911824214836275,2017_2019
with_distance,kai_feng_shi,Change_ratio,0.25165745811451246,2017_2019
with_distance,kai_feng_shi,Overal_Acc,0.9084571459797196,2017_2019
with_distance,zhang_jia_kou_shi,FoM,0.12145411016245002,2017_2019
with_distance,zhang_jia_kou_shi,Change_ratio,0.27434314284562894,2017_2019
with_distance,zhang_jia_kou_shi,Overal_Acc,0.9852779011960279,2017_2019
with_distance,xu_zhou_shi,FoM,0.12081063496877024,2017_2019
with_distance,xu_zhou_shi,Change_ratio,0.12309543018304807,2017_2019
with_distance,xu_zhou_shi,Overal_Acc,0.9535918307859004,2017_2019
with_distance,de_zhou_shi,FoM,0.07008767820181577,2017_2019
with_distance,de_zhou_shi,Change_ratio,0.06811594536493648,2017_2019
with_distance,de_zhou_shi,Overal_Acc,0.9837289211494298,2017_2019
with_distance,yang_zhou_shi,FoM,0.09346215415820407,2017_2019
with_distance,yang_zhou_shi,Change_ratio,0.13369104166922896,2017_2019
with_distance,yang_zhou_shi,Overal_Acc,0.961986493667814,2017_2019
with_distance,cheng_de_shi,FoM,0.09896209748572458,2017_2019
with_distance,cheng_de_shi,Change_ratio,0.36488530051896995,2017_2019
with_distance,cheng_de_shi,Overal_Acc,0.9941200029839611,2017_2019
with_distance,xin_xiang_shi,FoM,0.097168444911884,2017_2019
with_distance,xin_xiang_shi,Change_ratio,0.109069761374009,2017_2019
with_distance,xin_xiang_shi,Overal_Acc,0.9682166416094832,2017_2019
with_distance,wu_xi_shi,FoM,0.050534415081808816,2017_2019
with_distance,wu_xi_shi,Change_ratio,0.05087218617124548,2017_2019
with_distance,wu_xi_shi,Overal_Acc,0.9733695854055585,2017_2019
with_distance,ri_zhao_shi,FoM,0.16041924838926097,2017_2019
with_distance,ri_zhao_shi,Change_ratio,0.20211410575867567,2017_2019
with_distance,ri_zhao_shi,Overal_Acc,0.954661833534172,2017_2019
with_distance,zao_zhuang_shi,FoM,0.08093280475446357,2017_2019
with_distance,zao_zhuang_shi,Change_ratio,0.09457934401806085,2017_2019
with_distance,zao_zhuang_shi,Overal_Acc,0.9657583652494456,2017_2019
with_distance,chi_zhou_shi,FoM,0.08563107543071835,2017_2019
with_distance,chi_zhou_shi,Change_ratio,0.18118996599753234,2017_2019
with_distance,chi_zhou_shi,Overal_Acc,0.983583691262074,2017_2019
with_distance,cang_zhou_shi,FoM,0.06985032855088774,2017_2019
with_distance,cang_zhou_shi,Change_ratio,0.08671993794235387,2017_2019
with_distance,cang_zhou_shi,Overal_Acc,0.9786022239473794,2017_2019
with_distance,tai_an_shi,FoM,0.07864089666547382,2017_2019
with_distance,tai_an_shi,Change_ratio,0.10357961086196434,2017_2019
with_distance,tai_an_shi,Overal_Acc,0.9692972439470214,2017_2019
with_distance,tai_zhou_shi,FoM,0.13200613964598343,2017_2019
with_distance,tai_zhou_shi,Change_ratio,0.17196404886252434,2017_2019
with_distance,tai_zhou_shi,Overal_Acc,0.9407748405553036,2017_2019
with_distance,luo_yang_shi,FoM,0.06790604674446757,2017_2019
with_distance,luo_yang_shi,Change_ratio,0.07796160401725205,2017_2019
with_distance,luo_yang_shi,Overal_Acc,0.9909760416385544,2017_2019
with_distance,ji_nan_shi,FoM,0.058922311851639195,2017_2019
with_distance,ji_nan_shi,Change_ratio,0.0750061074992618,2017_2019
with_distance,ji_nan_shi,Overal_Acc,0.9777165032296937,2017_2019
with_distance,ji_ning_shi,FoM,0.06949993939770169,2017_2019
with_distance,ji_ning_shi,Change_ratio,0.08871891413839113,2017_2019
with_distance,ji_ning_shi,Overal_Acc,0.9735971706710911,2017_2019
